<faces-config version="2.1"
              xmlns="http://java.sun.com/xml/ns/javaee"
              xmlns:xsi="http://www.w3.org/2001/XMLSchema-instance"
              xsi:schemaLocation=" http://java.sun.com/xml/ns/javaee http://java.sun.com/xml/ns/javaee/web-facesconfig_2_1.xsd">
    <application>

        <locale-config>
            <default-locale>en</default-locale>
            <supported-locale>en</supported-locale>
        </locale-config>

        <resource-bundle>
            <base-name>messages</base-name>
            <var>bundle</var>
            <base-name>seo</base-name>
            <var>seo</var>
        </resource-bundle>

    </application>
</faces-config>